<annotation>
	<folder>train_img</folder>
	<filename>13.jpeg</filename>
	<path>/home/gaurav/Documents/Meter_Images/labelImg/train_img/13.jpeg</path>
	<source>
		<database>Unknown</database>
	</source>
	<size>
		<width>227</width>
		<height>222</height>
		<depth>3</depth>
	</size>
	<segmented>0</segmented>
	<object>
		<name>9</name>
		<pose>Unspecified</pose>
		<truncated>0</truncated>
		<difficult>0</difficult>
		<bndbox>
			<xmin>70</xmin>
			<ymin>136</ymin>
			<xmax>85</xmax>
			<ymax>163</ymax>
		</bndbox>
	</object>
	<object>
		<name>zero</name>
		<pose>Unspecified</pose>
		<truncated>0</truncated>
		<difficult>0</difficult>
		<bndbox>
			<xmin>90</xmin>
			<ymin>138</ymin>
			<xmax>104</xmax>
			<ymax>165</ymax>
		</bndbox>
	</object>
	<object>
		<name>6</name>
		<pose>Unspecified</pose>
		<truncated>0</truncated>
		<difficult>0</difficult>
		<bndbox>
			<xmin>108</xmin>
			<ymin>140</ymin>
			<xmax>122</xmax>
			<ymax>167</ymax>
		</bndbox>
	</object>
</annotation>
