<annotation>
	<folder>train_img</folder>
	<filename>14.jpeg</filename>
	<path>/home/gaurav/Documents/Meter_Images/labelImg/train_img/14.jpeg</path>
	<source>
		<database>Unknown</database>
	</source>
	<size>
		<width>191</width>
		<height>263</height>
		<depth>3</depth>
	</size>
	<segmented>0</segmented>
	<object>
		<name>zero</name>
		<pose>Unspecified</pose>
		<truncated>0</truncated>
		<difficult>0</difficult>
		<bndbox>
			<xmin>92</xmin>
			<ymin>63</ymin>
			<xmax>101</xmax>
			<ymax>82</ymax>
		</bndbox>
	</object>
	<object>
		<name>zero</name>
		<pose>Unspecified</pose>
		<truncated>0</truncated>
		<difficult>0</difficult>
		<bndbox>
			<xmin>102</xmin>
			<ymin>65</ymin>
			<xmax>111</xmax>
			<ymax>83</ymax>
		</bndbox>
	</object>
	<object>
		<name>zero</name>
		<pose>Unspecified</pose>
		<truncated>0</truncated>
		<difficult>0</difficult>
		<bndbox>
			<xmin>112</xmin>
			<ymin>64</ymin>
			<xmax>121</xmax>
			<ymax>82</ymax>
		</bndbox>
	</object>
	<object>
		<name>zero</name>
		<pose>Unspecified</pose>
		<truncated>0</truncated>
		<difficult>0</difficult>
		<bndbox>
			<xmin>121</xmin>
			<ymin>65</ymin>
			<xmax>131</xmax>
			<ymax>83</ymax>
		</bndbox>
	</object>
</annotation>
