<annotation>
	<folder>train_img</folder>
	<filename>19.jpeg</filename>
	<path>/home/gaurav/Documents/Meter_Images/labelImg/train_img/19.jpeg</path>
	<source>
		<database>Unknown</database>
	</source>
	<size>
		<width>293</width>
		<height>172</height>
		<depth>3</depth>
	</size>
	<segmented>0</segmented>
	<object>
		<name>8</name>
		<pose>Unspecified</pose>
		<truncated>0</truncated>
		<difficult>0</difficult>
		<bndbox>
			<xmin>113</xmin>
			<ymin>54</ymin>
			<xmax>120</xmax>
			<ymax>66</ymax>
		</bndbox>
	</object>
	<object>
		<name>8</name>
		<pose>Unspecified</pose>
		<truncated>0</truncated>
		<difficult>0</difficult>
		<bndbox>
			<xmin>120</xmin>
			<ymin>54</ymin>
			<xmax>127</xmax>
			<ymax>66</ymax>
		</bndbox>
	</object>
	<object>
		<name>8</name>
		<pose>Unspecified</pose>
		<truncated>0</truncated>
		<difficult>0</difficult>
		<bndbox>
			<xmin>128</xmin>
			<ymin>54</ymin>
			<xmax>135</xmax>
			<ymax>66</ymax>
		</bndbox>
	</object>
	<object>
		<name>8</name>
		<pose>Unspecified</pose>
		<truncated>0</truncated>
		<difficult>0</difficult>
		<bndbox>
			<xmin>136</xmin>
			<ymin>54</ymin>
			<xmax>143</xmax>
			<ymax>66</ymax>
		</bndbox>
	</object>
	<object>
		<name>8</name>
		<pose>Unspecified</pose>
		<truncated>0</truncated>
		<difficult>0</difficult>
		<bndbox>
			<xmin>144</xmin>
			<ymin>54</ymin>
			<xmax>150</xmax>
			<ymax>66</ymax>
		</bndbox>
	</object>
	<object>
		<name>8</name>
		<pose>Unspecified</pose>
		<truncated>0</truncated>
		<difficult>0</difficult>
		<bndbox>
			<xmin>151</xmin>
			<ymin>54</ymin>
			<xmax>158</xmax>
			<ymax>66</ymax>
		</bndbox>
	</object>
</annotation>
