<annotation>
	<folder>train_img</folder>
	<filename>21.jpeg</filename>
	<path>/home/gaurav/Documents/Meter_Images/labelImg/train_img/21.jpeg</path>
	<source>
		<database>Unknown</database>
	</source>
	<size>
		<width>300</width>
		<height>168</height>
		<depth>3</depth>
	</size>
	<segmented>0</segmented>
	<object>
		<name>zero</name>
		<pose>Unspecified</pose>
		<truncated>0</truncated>
		<difficult>0</difficult>
		<bndbox>
			<xmin>150</xmin>
			<ymin>26</ymin>
			<xmax>160</xmax>
			<ymax>43</ymax>
		</bndbox>
	</object>
	<object>
		<name>2</name>
		<pose>Unspecified</pose>
		<truncated>0</truncated>
		<difficult>0</difficult>
		<bndbox>
			<xmin>160</xmin>
			<ymin>26</ymin>
			<xmax>171</xmax>
			<ymax>43</ymax>
		</bndbox>
	</object>
	<object>
		<name>3</name>
		<pose>Unspecified</pose>
		<truncated>0</truncated>
		<difficult>0</difficult>
		<bndbox>
			<xmin>172</xmin>
			<ymin>26</ymin>
			<xmax>181</xmax>
			<ymax>43</ymax>
		</bndbox>
	</object>
	<object>
		<name>4</name>
		<pose>Unspecified</pose>
		<truncated>0</truncated>
		<difficult>0</difficult>
		<bndbox>
			<xmin>181</xmin>
			<ymin>26</ymin>
			<xmax>191</xmax>
			<ymax>43</ymax>
		</bndbox>
	</object>
</annotation>
