<annotation>
	<folder>train_img</folder>
	<filename>23.jpeg</filename>
	<path>/home/gaurav/Documents/Meter_Images/labelImg/train_img/23.jpeg</path>
	<source>
		<database>Unknown</database>
	</source>
	<size>
		<width>292</width>
		<height>173</height>
		<depth>3</depth>
	</size>
	<segmented>0</segmented>
	<object>
		<name>2</name>
		<pose>Unspecified</pose>
		<truncated>0</truncated>
		<difficult>0</difficult>
		<bndbox>
			<xmin>66</xmin>
			<ymin>58</ymin>
			<xmax>80</xmax>
			<ymax>88</ymax>
		</bndbox>
	</object>
	<object>
		<name>5</name>
		<pose>Unspecified</pose>
		<truncated>0</truncated>
		<difficult>0</difficult>
		<bndbox>
			<xmin>84</xmin>
			<ymin>57</ymin>
			<xmax>98</xmax>
			<ymax>90</ymax>
		</bndbox>
	</object>
	<object>
		<name>7</name>
		<pose>Unspecified</pose>
		<truncated>0</truncated>
		<difficult>0</difficult>
		<bndbox>
			<xmin>103</xmin>
			<ymin>58</ymin>
			<xmax>115</xmax>
			<ymax>88</ymax>
		</bndbox>
	</object>
	<object>
		<name>4</name>
		<pose>Unspecified</pose>
		<truncated>0</truncated>
		<difficult>0</difficult>
		<bndbox>
			<xmin>119</xmin>
			<ymin>58</ymin>
			<xmax>132</xmax>
			<ymax>89</ymax>
		</bndbox>
	</object>
	<object>
		<name>2</name>
		<pose>Unspecified</pose>
		<truncated>0</truncated>
		<difficult>0</difficult>
		<bndbox>
			<xmin>134</xmin>
			<ymin>58</ymin>
			<xmax>149</xmax>
			<ymax>90</ymax>
		</bndbox>
	</object>
	<object>
		<name>8</name>
		<pose>Unspecified</pose>
		<truncated>0</truncated>
		<difficult>0</difficult>
		<bndbox>
			<xmin>151</xmin>
			<ymin>58</ymin>
			<xmax>165</xmax>
			<ymax>89</ymax>
		</bndbox>
	</object>
</annotation>
