<annotation>
	<folder>train_img</folder>
	<filename>32.jpeg</filename>
	<path>/home/gaurav/Documents/Meter_Images/labelImg/train_img/32.jpeg</path>
	<source>
		<database>Unknown</database>
	</source>
	<size>
		<width>300</width>
		<height>168</height>
		<depth>3</depth>
	</size>
	<segmented>0</segmented>
	<object>
		<name>zero</name>
		<pose>Unspecified</pose>
		<truncated>0</truncated>
		<difficult>0</difficult>
		<bndbox>
			<xmin>153</xmin>
			<ymin>47</ymin>
			<xmax>159</xmax>
			<ymax>58</ymax>
		</bndbox>
	</object>
	<object>
		<name>1</name>
		<pose>Unspecified</pose>
		<truncated>0</truncated>
		<difficult>0</difficult>
		<bndbox>
			<xmin>162</xmin>
			<ymin>48</ymin>
			<xmax>167</xmax>
			<ymax>57</ymax>
		</bndbox>
	</object>
</annotation>
