<annotation>
	<folder>train_img</folder>
	<filename>34.jpeg</filename>
	<path>/home/gaurav/Documents/Meter_Images/labelImg/train_img/34.jpeg</path>
	<source>
		<database>Unknown</database>
	</source>
	<size>
		<width>182</width>
		<height>277</height>
		<depth>3</depth>
	</size>
	<segmented>0</segmented>
	<object>
		<name>zero</name>
		<pose>Unspecified</pose>
		<truncated>0</truncated>
		<difficult>0</difficult>
		<bndbox>
			<xmin>65</xmin>
			<ymin>76</ymin>
			<xmax>73</xmax>
			<ymax>88</ymax>
		</bndbox>
	</object>
	<object>
		<name>zero</name>
		<pose>Unspecified</pose>
		<truncated>0</truncated>
		<difficult>0</difficult>
		<bndbox>
			<xmin>74</xmin>
			<ymin>75</ymin>
			<xmax>82</xmax>
			<ymax>87</ymax>
		</bndbox>
	</object>
	<object>
		<name>zero</name>
		<pose>Unspecified</pose>
		<truncated>0</truncated>
		<difficult>0</difficult>
		<bndbox>
			<xmin>84</xmin>
			<ymin>75</ymin>
			<xmax>91</xmax>
			<ymax>87</ymax>
		</bndbox>
	</object>
	<object>
		<name>2</name>
		<pose>Unspecified</pose>
		<truncated>0</truncated>
		<difficult>0</difficult>
		<bndbox>
			<xmin>92</xmin>
			<ymin>75</ymin>
			<xmax>99</xmax>
			<ymax>87</ymax>
		</bndbox>
	</object>
	<object>
		<name>zero</name>
		<pose>Unspecified</pose>
		<truncated>0</truncated>
		<difficult>0</difficult>
		<bndbox>
			<xmin>100</xmin>
			<ymin>74</ymin>
			<xmax>109</xmax>
			<ymax>87</ymax>
		</bndbox>
	</object>
</annotation>
