<annotation>
	<folder>train_img</folder>
	<filename>36.jpeg</filename>
	<path>/home/gaurav/Documents/Meter_Images/labelImg/train_img/36.jpeg</path>
	<source>
		<database>Unknown</database>
	</source>
	<size>
		<width>222</width>
		<height>227</height>
		<depth>3</depth>
	</size>
	<segmented>0</segmented>
	<object>
		<name>1</name>
		<pose>Unspecified</pose>
		<truncated>0</truncated>
		<difficult>0</difficult>
		<bndbox>
			<xmin>35</xmin>
			<ymin>19</ymin>
			<xmax>39</xmax>
			<ymax>33</ymax>
		</bndbox>
	</object>
	<object>
		<name>6</name>
		<pose>Unspecified</pose>
		<truncated>0</truncated>
		<difficult>0</difficult>
		<bndbox>
			<xmin>39</xmin>
			<ymin>18</ymin>
			<xmax>47</xmax>
			<ymax>34</ymax>
		</bndbox>
	</object>
	<object>
		<name>5</name>
		<pose>Unspecified</pose>
		<truncated>0</truncated>
		<difficult>0</difficult>
		<bndbox>
			<xmin>48</xmin>
			<ymin>18</ymin>
			<xmax>58</xmax>
			<ymax>34</ymax>
		</bndbox>
	</object>
	<object>
		<name>8</name>
		<pose>Unspecified</pose>
		<truncated>0</truncated>
		<difficult>0</difficult>
		<bndbox>
			<xmin>59</xmin>
			<ymin>18</ymin>
			<xmax>69</xmax>
			<ymax>34</ymax>
		</bndbox>
	</object>
	<object>
		<name>zero</name>
		<pose>Unspecified</pose>
		<truncated>0</truncated>
		<difficult>0</difficult>
		<bndbox>
			<xmin>69</xmin>
			<ymin>18</ymin>
			<xmax>79</xmax>
			<ymax>34</ymax>
		</bndbox>
	</object>
	<object>
		<name>4</name>
		<pose>Unspecified</pose>
		<truncated>0</truncated>
		<difficult>0</difficult>
		<bndbox>
			<xmin>79</xmin>
			<ymin>18</ymin>
			<xmax>89</xmax>
			<ymax>34</ymax>
		</bndbox>
	</object>
</annotation>
