<annotation>
	<folder>train_img</folder>
	<filename>37.jpeg</filename>
	<path>/home/gaurav/Documents/Meter_Images/labelImg/train_img/37.jpeg</path>
	<source>
		<database>Unknown</database>
	</source>
	<size>
		<width>314</width>
		<height>160</height>
		<depth>3</depth>
	</size>
	<segmented>0</segmented>
	<object>
		<name>zero</name>
		<pose>Unspecified</pose>
		<truncated>0</truncated>
		<difficult>0</difficult>
		<bndbox>
			<xmin>46</xmin>
			<ymin>53</ymin>
			<xmax>70</xmax>
			<ymax>88</ymax>
		</bndbox>
	</object>
	<object>
		<name>4</name>
		<pose>Unspecified</pose>
		<truncated>0</truncated>
		<difficult>0</difficult>
		<bndbox>
			<xmin>71</xmin>
			<ymin>54</ymin>
			<xmax>95</xmax>
			<ymax>87</ymax>
		</bndbox>
	</object>
	<object>
		<name>5</name>
		<pose>Unspecified</pose>
		<truncated>0</truncated>
		<difficult>0</difficult>
		<bndbox>
			<xmin>98</xmin>
			<ymin>54</ymin>
			<xmax>120</xmax>
			<ymax>89</ymax>
		</bndbox>
	</object>
	<object>
		<name>5</name>
		<pose>Unspecified</pose>
		<truncated>0</truncated>
		<difficult>0</difficult>
		<bndbox>
			<xmin>123</xmin>
			<ymin>54</ymin>
			<xmax>146</xmax>
			<ymax>88</ymax>
		</bndbox>
	</object>
	<object>
		<name>6</name>
		<pose>Unspecified</pose>
		<truncated>0</truncated>
		<difficult>0</difficult>
		<bndbox>
			<xmin>148</xmin>
			<ymin>54</ymin>
			<xmax>170</xmax>
			<ymax>88</ymax>
		</bndbox>
	</object>
	<object>
		<name>6</name>
		<pose>Unspecified</pose>
		<truncated>0</truncated>
		<difficult>0</difficult>
		<bndbox>
			<xmin>174</xmin>
			<ymin>53</ymin>
			<xmax>196</xmax>
			<ymax>88</ymax>
		</bndbox>
	</object>
	<object>
		<name>9</name>
		<pose>Unspecified</pose>
		<truncated>0</truncated>
		<difficult>0</difficult>
		<bndbox>
			<xmin>208</xmin>
			<ymin>54</ymin>
			<xmax>230</xmax>
			<ymax>89</ymax>
		</bndbox>
	</object>
</annotation>
