<annotation>
	<folder>train_img</folder>
	<filename>46.jpeg</filename>
	<path>/home/gaurav/Documents/Meter_Images/labelImg/train_img/46.jpeg</path>
	<source>
		<database>Unknown</database>
	</source>
	<size>
		<width>300</width>
		<height>168</height>
		<depth>3</depth>
	</size>
	<segmented>0</segmented>
	<object>
		<name>zero</name>
		<pose>Unspecified</pose>
		<truncated>0</truncated>
		<difficult>0</difficult>
		<bndbox>
			<xmin>145</xmin>
			<ymin>72</ymin>
			<xmax>153</xmax>
			<ymax>87</ymax>
		</bndbox>
	</object>
	<object>
		<name>2</name>
		<pose>Unspecified</pose>
		<truncated>0</truncated>
		<difficult>0</difficult>
		<bndbox>
			<xmin>153</xmin>
			<ymin>72</ymin>
			<xmax>162</xmax>
			<ymax>87</ymax>
		</bndbox>
	</object>
	<object>
		<name>zero</name>
		<pose>Unspecified</pose>
		<truncated>0</truncated>
		<difficult>0</difficult>
		<bndbox>
			<xmin>163</xmin>
			<ymin>71</ymin>
			<xmax>172</xmax>
			<ymax>88</ymax>
		</bndbox>
	</object>
	<object>
		<name>7</name>
		<pose>Unspecified</pose>
		<truncated>0</truncated>
		<difficult>0</difficult>
		<bndbox>
			<xmin>173</xmin>
			<ymin>71</ymin>
			<xmax>182</xmax>
			<ymax>86</ymax>
		</bndbox>
	</object>
</annotation>
