<annotation>
	<folder>train_img</folder>
	<filename>48.jpeg</filename>
	<path>/home/gaurav/Documents/Meter_Images/labelImg/train_img/48.jpeg</path>
	<source>
		<database>Unknown</database>
	</source>
	<size>
		<width>259</width>
		<height>194</height>
		<depth>3</depth>
	</size>
	<segmented>0</segmented>
	<object>
		<name>7</name>
		<pose>Unspecified</pose>
		<truncated>0</truncated>
		<difficult>0</difficult>
		<bndbox>
			<xmin>126</xmin>
			<ymin>48</ymin>
			<xmax>137</xmax>
			<ymax>65</ymax>
		</bndbox>
	</object>
	<object>
		<name>zero</name>
		<pose>Unspecified</pose>
		<truncated>0</truncated>
		<difficult>0</difficult>
		<bndbox>
			<xmin>137</xmin>
			<ymin>50</ymin>
			<xmax>147</xmax>
			<ymax>65</ymax>
		</bndbox>
	</object>
	<object>
		<name>5</name>
		<pose>Unspecified</pose>
		<truncated>0</truncated>
		<difficult>0</difficult>
		<bndbox>
			<xmin>148</xmin>
			<ymin>49</ymin>
			<xmax>157</xmax>
			<ymax>66</ymax>
		</bndbox>
	</object>
</annotation>
