<annotation>
	<folder>train_img</folder>
	<filename>62.jpeg</filename>
	<path>/home/gaurav/Documents/Meter_Images/labelImg/train_img/62.jpeg</path>
	<source>
		<database>Unknown</database>
	</source>
	<size>
		<width>242</width>
		<height>179</height>
		<depth>3</depth>
	</size>
	<segmented>0</segmented>
	<object>
		<name>1</name>
		<pose>Unspecified</pose>
		<truncated>0</truncated>
		<difficult>0</difficult>
		<bndbox>
			<xmin>48</xmin>
			<ymin>59</ymin>
			<xmax>52</xmax>
			<ymax>68</ymax>
		</bndbox>
	</object>
	<object>
		<name>zero</name>
		<pose>Unspecified</pose>
		<truncated>0</truncated>
		<difficult>0</difficult>
		<bndbox>
			<xmin>57</xmin>
			<ymin>59</ymin>
			<xmax>62</xmax>
			<ymax>68</ymax>
		</bndbox>
	</object>
	<object>
		<name>2</name>
		<pose>Unspecified</pose>
		<truncated>0</truncated>
		<difficult>0</difficult>
		<bndbox>
			<xmin>61</xmin>
			<ymin>59</ymin>
			<xmax>67</xmax>
			<ymax>68</ymax>
		</bndbox>
	</object>
	<object>
		<name>1</name>
		<pose>Unspecified</pose>
		<truncated>0</truncated>
		<difficult>0</difficult>
		<bndbox>
			<xmin>69</xmin>
			<ymin>59</ymin>
			<xmax>71</xmax>
			<ymax>69</ymax>
		</bndbox>
	</object>
	<object>
		<name>2</name>
		<pose>Unspecified</pose>
		<truncated>0</truncated>
		<difficult>0</difficult>
		<bndbox>
			<xmin>71</xmin>
			<ymin>59</ymin>
			<xmax>76</xmax>
			<ymax>69</ymax>
		</bndbox>
	</object>
	<object>
		<name>1</name>
		<pose>Unspecified</pose>
		<truncated>0</truncated>
		<difficult>0</difficult>
		<bndbox>
			<xmin>77</xmin>
			<ymin>59</ymin>
			<xmax>81</xmax>
			<ymax>69</ymax>
		</bndbox>
	</object>
</annotation>
