<annotation>
	<folder>train_img</folder>
	<filename>67.jpeg</filename>
	<path>/home/gaurav/Documents/Meter_Images/labelImg/train_img/67.jpeg</path>
	<source>
		<database>Unknown</database>
	</source>
	<size>
		<width>253</width>
		<height>160</height>
		<depth>3</depth>
	</size>
	<segmented>0</segmented>
	<object>
		<name>zero</name>
		<pose>Unspecified</pose>
		<truncated>0</truncated>
		<difficult>0</difficult>
		<bndbox>
			<xmin>65</xmin>
			<ymin>88</ymin>
			<xmax>82</xmax>
			<ymax>117</ymax>
		</bndbox>
	</object>
	<object>
		<name>1</name>
		<pose>Unspecified</pose>
		<truncated>0</truncated>
		<difficult>0</difficult>
		<bndbox>
			<xmin>94</xmin>
			<ymin>88</ymin>
			<xmax>99</xmax>
			<ymax>115</ymax>
		</bndbox>
	</object>
	<object>
		<name>4</name>
		<pose>Unspecified</pose>
		<truncated>0</truncated>
		<difficult>0</difficult>
		<bndbox>
			<xmin>102</xmin>
			<ymin>89</ymin>
			<xmax>117</xmax>
			<ymax>117</ymax>
		</bndbox>
	</object>
	<object>
		<name>3</name>
		<pose>Unspecified</pose>
		<truncated>0</truncated>
		<difficult>0</difficult>
		<bndbox>
			<xmin>121</xmin>
			<ymin>88</ymin>
			<xmax>135</xmax>
			<ymax>119</ymax>
		</bndbox>
	</object>
	<object>
		<name>1</name>
		<pose>Unspecified</pose>
		<truncated>0</truncated>
		<difficult>0</difficult>
		<bndbox>
			<xmin>147</xmin>
			<ymin>88</ymin>
			<xmax>152</xmax>
			<ymax>118</ymax>
		</bndbox>
	</object>
</annotation>
