<annotation>
	<folder>train_img</folder>
	<filename>7.jpeg</filename>
	<path>/home/gaurav/Documents/Meter_Images/labelImg/train_img/7.jpeg</path>
	<source>
		<database>Unknown</database>
	</source>
	<size>
		<width>225</width>
		<height>225</height>
		<depth>3</depth>
	</size>
	<segmented>0</segmented>
	<object>
		<name>zero</name>
		<pose>Unspecified</pose>
		<truncated>0</truncated>
		<difficult>0</difficult>
		<bndbox>
			<xmin>95</xmin>
			<ymin>34</ymin>
			<xmax>103</xmax>
			<ymax>50</ymax>
		</bndbox>
	</object>
	<object>
		<name>zero</name>
		<pose>Unspecified</pose>
		<truncated>0</truncated>
		<difficult>0</difficult>
		<bndbox>
			<xmin>105</xmin>
			<ymin>34</ymin>
			<xmax>113</xmax>
			<ymax>49</ymax>
		</bndbox>
	</object>
	<object>
		<name>zero</name>
		<pose>Unspecified</pose>
		<truncated>0</truncated>
		<difficult>0</difficult>
		<bndbox>
			<xmin>114</xmin>
			<ymin>34</ymin>
			<xmax>122</xmax>
			<ymax>49</ymax>
		</bndbox>
	</object>
</annotation>
