<annotation>
	<folder>train_img</folder>
	<filename>74.jpeg</filename>
	<path>/home/gaurav/Documents/Meter_Images/labelImg/train_img/74.jpeg</path>
	<source>
		<database>Unknown</database>
	</source>
	<size>
		<width>196</width>
		<height>160</height>
		<depth>3</depth>
	</size>
	<segmented>0</segmented>
	<object>
		<name>zero</name>
		<pose>Unspecified</pose>
		<truncated>0</truncated>
		<difficult>0</difficult>
		<bndbox>
			<xmin>78</xmin>
			<ymin>29</ymin>
			<xmax>87</xmax>
			<ymax>44</ymax>
		</bndbox>
	</object>
	<object>
		<name>1</name>
		<pose>Unspecified</pose>
		<truncated>0</truncated>
		<difficult>0</difficult>
		<bndbox>
			<xmin>93</xmin>
			<ymin>29</ymin>
			<xmax>97</xmax>
			<ymax>44</ymax>
		</bndbox>
	</object>
	<object>
		<name>8</name>
		<pose>Unspecified</pose>
		<truncated>0</truncated>
		<difficult>0</difficult>
		<bndbox>
			<xmin>98</xmin>
			<ymin>27</ymin>
			<xmax>107</xmax>
			<ymax>45</ymax>
		</bndbox>
	</object>
	<object>
		<name>9</name>
		<pose>Unspecified</pose>
		<truncated>0</truncated>
		<difficult>0</difficult>
		<bndbox>
			<xmin>108</xmin>
			<ymin>28</ymin>
			<xmax>117</xmax>
			<ymax>45</ymax>
		</bndbox>
	</object>
	<object>
		<name>5</name>
		<pose>Unspecified</pose>
		<truncated>0</truncated>
		<difficult>0</difficult>
		<bndbox>
			<xmin>119</xmin>
			<ymin>29</ymin>
			<xmax>127</xmax>
			<ymax>46</ymax>
		</bndbox>
	</object>
</annotation>
