<annotation>
	<folder>train_img</folder>
	<filename>83.jpeg</filename>
	<path>/home/gaurav/Documents/Meter_Images/labelImg/train_img/83.jpeg</path>
	<source>
		<database>Unknown</database>
	</source>
	<size>
		<width>299</width>
		<height>195</height>
		<depth>3</depth>
	</size>
	<segmented>0</segmented>
	<object>
		<name>1</name>
		<pose>Unspecified</pose>
		<truncated>0</truncated>
		<difficult>0</difficult>
		<bndbox>
			<xmin>139</xmin>
			<ymin>88</ymin>
			<xmax>143</xmax>
			<ymax>101</ymax>
		</bndbox>
	</object>
	<object>
		<name>zero</name>
		<pose>Unspecified</pose>
		<truncated>0</truncated>
		<difficult>0</difficult>
		<bndbox>
			<xmin>143</xmin>
			<ymin>88</ymin>
			<xmax>150</xmax>
			<ymax>101</ymax>
		</bndbox>
	</object>
	<object>
		<name>zero</name>
		<pose>Unspecified</pose>
		<truncated>0</truncated>
		<difficult>0</difficult>
		<bndbox>
			<xmin>158</xmin>
			<ymin>88</ymin>
			<xmax>164</xmax>
			<ymax>101</ymax>
		</bndbox>
	</object>
	<object>
		<name>4</name>
		<pose>Unspecified</pose>
		<truncated>0</truncated>
		<difficult>0</difficult>
		<bndbox>
			<xmin>165</xmin>
			<ymin>88</ymin>
			<xmax>172</xmax>
			<ymax>102</ymax>
		</bndbox>
	</object>
</annotation>
