<annotation>
	<folder>train_img</folder>
	<filename>87.jpeg</filename>
	<path>/home/gaurav/Documents/Meter_Images/labelImg/train_img/87.jpeg</path>
	<source>
		<database>Unknown</database>
	</source>
	<size>
		<width>288</width>
		<height>212</height>
		<depth>3</depth>
	</size>
	<segmented>0</segmented>
	<object>
		<name>2</name>
		<pose>Unspecified</pose>
		<truncated>0</truncated>
		<difficult>0</difficult>
		<bndbox>
			<xmin>164</xmin>
			<ymin>73</ymin>
			<xmax>177</xmax>
			<ymax>92</ymax>
		</bndbox>
	</object>
	<object>
		<name>3</name>
		<pose>Unspecified</pose>
		<truncated>0</truncated>
		<difficult>0</difficult>
		<bndbox>
			<xmin>177</xmin>
			<ymin>74</ymin>
			<xmax>190</xmax>
			<ymax>92</ymax>
		</bndbox>
	</object>
	<object>
		<name>6</name>
		<pose>Unspecified</pose>
		<truncated>0</truncated>
		<difficult>0</difficult>
		<bndbox>
			<xmin>191</xmin>
			<ymin>73</ymin>
			<xmax>202</xmax>
			<ymax>91</ymax>
		</bndbox>
	</object>
</annotation>
