{"_via_settings":{"ui":{"annotation_editor_height":25,"annotation_editor_fontsize":0.8,"leftsidebar_width":18,"image_grid":{"img_height":80,"rshape_fill":"none","rshape_fill_opacity":0.3,"rshape_stroke":"yellow","rshape_stroke_width":2,"show_region_shape":true,"show_image_policy":"all"},"image":{"region_label":"__via_region_id__","region_color":"__via_default_region_color__","region_label_font":"10px Sans","on_image_annotation_editor_placement":"NEAR_REGION"}},"core":{"buffer_size":18,"filepath":{},"default_filepath":""},"project":{"name":"Digits Annotation_50"}},"_via_img_metadata":{"1.jpeg8010":{"filename":"1.jpeg","size":8010,"regions":[{"shape_attributes":{"name":"rect","x":85,"y":58,"width":10,"height":21},"region_attributes":{"Digits":"0"}},{"shape_attributes":{"name":"rect","x":97,"y":57,"width":11,"height":21},"region_attributes":{"Digits":"0"}},{"shape_attributes":{"name":"rect","x":109,"y":57,"width":9,"height":21},"region_attributes":{"Digits":"0"}},{"shape_attributes":{"name":"rect","x":133,"y":57,"width":11,"height":19},"region_attributes":{"Digits":"7"}},{"shape_attributes":{"name":"rect","x":121,"y":58,"width":11,"height":19},"region_attributes":{"Digits":"7"}}],"file_attributes":{}},"2.jpeg8210":{"filename":"2.jpeg","size":8210,"regions":[{"shape_attributes":{"name":"rect","x":128,"y":49,"width":9,"height":17},"region_attributes":{"Digits":"7"}},{"shape_attributes":{"name":"rect","x":138,"y":49,"width":9,"height":17},"region_attributes":{"Digits":"0"}},{"shape_attributes":{"name":"rect","x":148,"y":49,"width":9,"height":16},"region_attributes":{"Digits":"5"}}],"file_attributes":{}},"3.jpeg7498":{"filename":"3.jpeg","size":7498,"regions":[{"shape_attributes":{"name":"rect","x":111,"y":71,"width":12,"height":22},"region_attributes":{"Digits":"0"}},{"shape_attributes":{"name":"rect","x":126,"y":69,"width":10,"height":22},"region_attributes":{"Digits":"0"}},{"shape_attributes":{"name":"rect","x":139,"y":67,"width":11,"height":23},"region_attributes":{"Digits":"0"}},{"shape_attributes":{"name":"rect","x":151,"y":65,"width":12,"height":22},"region_attributes":{"Digits":"0"}},{"shape_attributes":{"name":"rect","x":165,"y":63,"width":11,"height":22},"region_attributes":{"Digits":"0"}},{"shape_attributes":{"name":"rect","x":179,"y":61,"width":11,"height":23},"region_attributes":{"Digits":"0"}},{"shape_attributes":{"name":"rect","x":192,"y":59,"width":12,"height":22},"region_attributes":{"Digits":"7"}}],"file_attributes":{}},"4.jpeg4668":{"filename":"4.jpeg","size":4668,"regions":[{"shape_attributes":{"name":"rect","x":65,"y":75,"width":6,"height":24},"region_attributes":{"Digits":"1"}},{"shape_attributes":{"name":"rect","x":74,"y":74,"width":15,"height":25},"region_attributes":{"Digits":"6"}},{"shape_attributes":{"name":"rect","x":92,"y":75,"width":15,"height":26},"region_attributes":{"Digits":"9"}},{"shape_attributes":{"name":"rect","x":110,"y":75,"width":14,"height":27},"region_attributes":{"Digits":"3"}},{"shape_attributes":{"name":"rect","x":126,"y":75,"width":15,"height":27},"region_attributes":{"Digits":"2"}},{"shape_attributes":{"name":"rect","x":145,"y":77,"width":14,"height":24},"region_attributes":{"Digits":"4"}},{"shape_attributes":{"name":"rect","x":162,"y":77,"width":14,"height":27},"region_attributes":{"Digits":"5"}}],"file_attributes":{}},"5.jpeg7665":{"filename":"5.jpeg","size":7665,"regions":[{"shape_attributes":{"name":"rect","x":82,"y":71,"width":10,"height":18},"region_attributes":{"Digits":"5"}},{"shape_attributes":{"name":"rect","x":94,"y":72,"width":12,"height":16},"region_attributes":{"Digits":"9"}},{"shape_attributes":{"name":"rect","x":107,"y":71,"width":10,"height":17},"region_attributes":{"Digits":"8"}},{"shape_attributes":{"name":"rect","x":120,"y":71,"width":10,"height":17},"region_attributes":{"Digits":"7"}},{"shape_attributes":{"name":"rect","x":131,"y":71,"width":10,"height":17},"region_attributes":{"Digits":"2"}}],"file_attributes":{}},"6.jpeg4792":{"filename":"6.jpeg","size":4792,"regions":[{"shape_attributes":{"name":"rect","x":49,"y":103,"width":11,"height":21},"region_attributes":{"Digits":"0"}},{"shape_attributes":{"name":"rect","x":63,"y":102,"width":11,"height":22},"region_attributes":{"Digits":"0"}},{"shape_attributes":{"name":"rect","x":77,"y":102,"width":10,"height":22},"region_attributes":{"Digits":"0"}},{"shape_attributes":{"name":"rect","x":90,"y":101,"width":11,"height":22},"region_attributes":{"Digits":"0"}},{"shape_attributes":{"name":"rect","x":104,"y":100,"width":11,"height":23},"region_attributes":{"Digits":"0"}},{"shape_attributes":{"name":"rect","x":124,"y":99,"width":5,"height":23},"region_attributes":{"Digits":"1"}},{"shape_attributes":{"name":"rect","x":131,"y":99,"width":11,"height":23},"region_attributes":{"Digits":"5"}},{"shape_attributes":{"name":"rect","x":145,"y":99,"width":11,"height":23},"region_attributes":{"Digits":"2"}},{"shape_attributes":{"name":"rect","x":166,"y":98,"width":4,"height":22},"region_attributes":{"Digits":"1"}}],"file_attributes":{}},"7.jpeg7814":{"filename":"7.jpeg","size":7814,"regions":[{"shape_attributes":{"name":"rect","x":96,"y":34,"width":7,"height":16},"region_attributes":{"Digits":"0"}},{"shape_attributes":{"name":"rect","x":105,"y":34,"width":8,"height":15},"region_attributes":{"Digits":"0"}},{"shape_attributes":{"name":"rect","x":114,"y":34,"width":8,"height":15},"region_attributes":{"Digits":"0"}}],"file_attributes":{}},"8.jpeg8207":{"filename":"8.jpeg","size":8207,"regions":[{"shape_attributes":{"name":"rect","x":81,"y":62,"width":7,"height":14},"region_attributes":{"Digits":"0"}},{"shape_attributes":{"name":"rect","x":90,"y":63,"width":7,"height":14},"region_attributes":{"Digits":"0"}},{"shape_attributes":{"name":"rect","x":99,"y":63,"width":7,"height":14},"region_attributes":{"Digits":"0"}},{"shape_attributes":{"name":"rect","x":107,"y":63,"width":8,"height":15},"region_attributes":{"Digits":"2"}},{"shape_attributes":{"name":"rect","x":117,"y":63,"width":7,"height":14},"region_attributes":{"Digits":"7"}},{"shape_attributes":{"name":"rect","x":126,"y":63,"width":6,"height":13},"region_attributes":{"Digits":"7"}},{"shape_attributes":{"name":"rect","x":135,"y":63,"width":6,"height":15},"region_attributes":{"Digits":"5"}},{"shape_attributes":{"name":"rect","x":143,"y":63,"width":7,"height":15},"region_attributes":{"Digits":"0"}}],"file_attributes":{}},"9.jpeg6744":{"filename":"9.jpeg","size":6744,"regions":[{"shape_attributes":{"name":"rect","x":117,"y":32,"width":9,"height":19},"region_attributes":{"Digits":"0"}},{"shape_attributes":{"name":"rect","x":127,"y":32,"width":9,"height":17},"region_attributes":{"Digits":"0"}},{"shape_attributes":{"name":"rect","x":137,"y":32,"width":8,"height":18},"region_attributes":{"Digits":"0"}},{"shape_attributes":{"name":"rect","x":146,"y":32,"width":9,"height":18},"region_attributes":{"Digits":"2"}},{"shape_attributes":{"name":"rect","x":156,"y":32,"width":9,"height":17},"region_attributes":{"Digits":"4"}},{"shape_attributes":{"name":"rect","x":165,"y":32,"width":8,"height":17},"region_attributes":{"Digits":"8"}}],"file_attributes":{}},"10.jpeg5334":{"filename":"10.jpeg","size":5334,"regions":[{"shape_attributes":{"name":"rect","x":85,"y":45,"width":7,"height":13},"region_attributes":{"Digits":"0"}},{"shape_attributes":{"name":"rect","x":93,"y":45,"width":7,"height":13},"region_attributes":{"Digits":"0"}},{"shape_attributes":{"name":"rect","x":102,"y":46,"width":6,"height":13},"region_attributes":{"Digits":"0"}},{"shape_attributes":{"name":"rect","x":110,"y":45,"width":7,"height":14},"region_attributes":{"Digits":"0"}},{"shape_attributes":{"name":"rect","x":118,"y":45,"width":6,"height":14},"region_attributes":{"Digits":"6"}}],"file_attributes":{}},"11.jpeg5693":{"filename":"11.jpeg","size":5693,"regions":[{"shape_attributes":{"name":"rect","x":53,"y":50,"width":7,"height":13},"region_attributes":{"Digits":"0"}},{"shape_attributes":{"name":"rect","x":61,"y":50,"width":8,"height":12},"region_attributes":{"Digits":"0"}},{"shape_attributes":{"name":"rect","x":70,"y":50,"width":7,"height":12},"region_attributes":{"Digits":"0"}},{"shape_attributes":{"name":"rect","x":79,"y":50,"width":7,"height":12},"region_attributes":{"Digits":"0"}},{"shape_attributes":{"name":"rect","x":87,"y":50,"width":8,"height":12},"region_attributes":{"Digits":"0"}},{"shape_attributes":{"name":"rect","x":96,"y":50,"width":8,"height":12},"region_attributes":{"Digits":"0"}}],"file_attributes":{}},"12.jpeg9764":{"filename":"12.jpeg","size":9764,"regions":[{"shape_attributes":{"name":"rect","x":109,"y":69,"width":16,"height":40},"region_attributes":{"Digits":"0"}},{"shape_attributes":{"name":"rect","x":129,"y":69,"width":15,"height":39},"region_attributes":{"Digits":"0"}},{"shape_attributes":{"name":"rect","x":147,"y":69,"width":17,"height":40},"region_attributes":{"Digits":"0"}},{"shape_attributes":{"name":"rect","x":167,"y":70,"width":16,"height":40},"region_attributes":{"Digits":"0"}},{"shape_attributes":{"name":"rect","x":185,"y":70,"width":19,"height":38},"region_attributes":{"Digits":"4"}},{"shape_attributes":{"name":"rect","x":205,"y":69,"width":17,"height":40},"region_attributes":{"Digits":"6"}}],"file_attributes":{}},"13.jpeg5170":{"filename":"13.jpeg","size":5170,"regions":[{"shape_attributes":{"name":"rect","x":72,"y":136,"width":13,"height":28},"region_attributes":{"Digits":"9"}},{"shape_attributes":{"name":"rect","x":90,"y":138,"width":14,"height":28},"region_attributes":{"Digits":"0"}},{"shape_attributes":{"name":"rect","x":108,"y":141,"width":13,"height":28},"region_attributes":{"Digits":"6"}}],"file_attributes":{}},"14.jpeg10060":{"filename":"14.jpeg","size":10060,"regions":[],"file_attributes":{}},"15.jpeg10937":{"filename":"15.jpeg","size":10937,"regions":[{"shape_attributes":{"name":"rect","x":1,"y":71,"width":10,"height":20},"region_attributes":{"Digits":{"2":true}}},{"shape_attributes":{"name":"rect","x":13,"y":71,"width":9,"height":20},"region_attributes":{"Digits":{"3":true}}},{"shape_attributes":{"name":"rect","x":23,"y":71,"width":10,"height":19},"region_attributes":{"Digits":{"0":false,"4":true}}},{"shape_attributes":{"name":"rect","x":34,"y":70,"width":9,"height":20},"region_attributes":{"Digits":{"0":false,"5":true}}},{"shape_attributes":{"name":"rect","x":47,"y":70,"width":10,"height":19},"region_attributes":{"Digits":{"0":false,"6":true}}}],"file_attributes":{}},"16.jpeg11375":{"filename":"16.jpeg","size":11375,"regions":[{"shape_attributes":{"name":"rect","x":71,"y":88,"width":13,"height":19},"region_attributes":{"Digits":{"0":false,"2":true}}},{"shape_attributes":{"name":"rect","x":88,"y":88,"width":11,"height":19},"region_attributes":{"Digits":{"0":false,"3":true}}},{"shape_attributes":{"name":"rect","x":103,"y":89,"width":13,"height":17},"region_attributes":{"Digits":{"0":false,"4":true}}},{"shape_attributes":{"name":"rect","x":119,"y":88,"width":13,"height":18},"region_attributes":{"Digits":{"0":true}}},{"shape_attributes":{"name":"rect","x":135,"y":88,"width":13,"height":18},"region_attributes":{"Digits":{"0":false,"8":true}}}],"file_attributes":{}},"17.jpeg7323":{"filename":"17.jpeg","size":7323,"regions":[{"shape_attributes":{"name":"rect","x":86,"y":38,"width":15,"height":28},"region_attributes":{"Digits":{"0":false,"9":true}}},{"shape_attributes":{"name":"rect","x":103,"y":38,"width":15,"height":28},"region_attributes":{"Digits":{"0":false,"9":true}}},{"shape_attributes":{"name":"rect","x":122,"y":38,"width":14,"height":29},"region_attributes":{"Digits":{"0":false,"3":true}}},{"shape_attributes":{"name":"rect","x":140,"y":38,"width":14,"height":27},"region_attributes":{"Digits":{"0":false,"4":true}}},{"shape_attributes":{"name":"rect","x":157,"y":38,"width":14,"height":27},"region_attributes":{"Digits":{"0":true}}}],"file_attributes":{}},"18.jpeg5971":{"filename":"18.jpeg","size":5971,"regions":[{"shape_attributes":{"name":"rect","x":100,"y":80,"width":12,"height":17},"region_attributes":{"Digits":{"0":false,"6":true}}},{"shape_attributes":{"name":"rect","x":114,"y":79,"width":13,"height":18},"region_attributes":{"Digits":{"0":true}}},{"shape_attributes":{"name":"rect","x":127,"y":81,"width":13,"height":18},"region_attributes":{"Digits":{"0":true}}},{"shape_attributes":{"name":"rect","x":142,"y":82,"width":12,"height":18},"region_attributes":{"Digits":{"0":true}}},{"shape_attributes":{"name":"rect","x":155,"y":83,"width":14,"height":18},"region_attributes":{"Digits":{"0":false,"4":true}}}],"file_attributes":{}},"19.jpeg7013":{"filename":"19.jpeg","size":7013,"regions":[{"shape_attributes":{"name":"rect","x":114,"y":54,"width":6,"height":12},"region_attributes":{"Digits":{"0":false,"8":true}}},{"shape_attributes":{"name":"rect","x":121,"y":54,"width":6,"height":11},"region_attributes":{"Digits":{"0":false,"8":true}}},{"shape_attributes":{"name":"rect","x":129,"y":55,"width":6,"height":11},"region_attributes":{"Digits":{"0":false,"8":true}}},{"shape_attributes":{"name":"rect","x":137,"y":55,"width":6,"height":11},"region_attributes":{"Digits":{"0":false,"8":true}}},{"shape_attributes":{"name":"rect","x":144,"y":55,"width":6,"height":11},"region_attributes":{"Digits":{"0":false,"8":true}}},{"shape_attributes":{"name":"rect","x":152,"y":55,"width":7,"height":11},"region_attributes":{"Digits":{"0":false,"8":true}}}],"file_attributes":{}},"20.jpeg7008":{"filename":"20.jpeg","size":7008,"regions":[{"shape_attributes":{"name":"rect","x":145,"y":37,"width":12,"height":20},"region_attributes":{"Digits":{"0":true}}},{"shape_attributes":{"name":"rect","x":164,"y":38,"width":5,"height":17},"region_attributes":{"Digits":{"0":false,"1":true}}},{"shape_attributes":{"name":"rect","x":169,"y":38,"width":10,"height":19},"region_attributes":{"Digits":{"0":false,"9":true}}},{"shape_attributes":{"name":"rect","x":180,"y":38,"width":11,"height":18},"region_attributes":{"Digits":{"0":true}}}],"file_attributes":{}},"21.jpeg7863":{"filename":"21.jpeg","size":7863,"regions":[{"shape_attributes":{"name":"rect","x":149,"y":25,"width":11,"height":18},"region_attributes":{"Digits":{"0":true}}},{"shape_attributes":{"name":"rect","x":160,"y":26,"width":10,"height":18},"region_attributes":{"Digits":{"0":false,"2":true}}},{"shape_attributes":{"name":"rect","x":171,"y":25,"width":10,"height":18},"region_attributes":{"Digits":{"0":false,"3":true}}},{"shape_attributes":{"name":"rect","x":181,"y":26,"width":11,"height":16},"region_attributes":{"Digits":{"0":false}}}],"file_attributes":{}},"22.jpeg9307":{"filename":"22.jpeg","size":9307,"regions":[{"shape_attributes":{"name":"rect","x":93,"y":35,"width":10,"height":22},"region_attributes":{"Digits":{"0":true}}},{"shape_attributes":{"name":"rect","x":104,"y":35,"width":9,"height":22},"region_attributes":{"Digits":{"0":true}}},{"shape_attributes":{"name":"rect","x":114,"y":35,"width":10,"height":22},"region_attributes":{"Digits":{"0":true}}},{"shape_attributes":{"name":"rect","x":125,"y":35,"width":9,"height":21},"region_attributes":{"Digits":{"0":true}}},{"shape_attributes":{"name":"rect","x":135,"y":35,"width":10,"height":22},"region_attributes":{"Digits":{"0":true}}}],"file_attributes":{}},"23.jpeg9873":{"filename":"23.jpeg","size":9873,"regions":[{"shape_attributes":{"name":"rect","x":68,"y":56,"width":14,"height":33},"region_attributes":{"Digits":{"0":false,"2":true}}},{"shape_attributes":{"name":"rect","x":85,"y":56,"width":13,"height":32},"region_attributes":{"Digits":{"0":false,"5":true}}},{"shape_attributes":{"name":"rect","x":104,"y":57,"width":12,"height":31},"region_attributes":{"Digits":{"0":false,"7":true}}},{"shape_attributes":{"name":"rect","x":119,"y":57,"width":12,"height":31},"region_attributes":{"Digits":{"0":false,"4":true}}},{"shape_attributes":{"name":"rect","x":135,"y":58,"width":14,"height":32},"region_attributes":{"Digits":{"0":false,"2":true}}},{"shape_attributes":{"name":"rect","x":151,"y":58,"width":14,"height":32},"region_attributes":{"Digits":{"0":false,"8":true}}}],"file_attributes":{}},"24.jpeg5715":{"filename":"24.jpeg","size":5715,"regions":[{"shape_attributes":{"name":"rect","x":118,"y":56,"width":3,"height":16},"region_attributes":{"Digits":{"0":false,"1":true}}},{"shape_attributes":{"name":"rect","x":123,"y":56,"width":7,"height":17},"region_attributes":{"Digits":{"0":false,"2":true}}},{"shape_attributes":{"name":"rect","x":131,"y":56,"width":8,"height":18},"region_attributes":{"Digits":{"0":true}}},{"shape_attributes":{"name":"rect","x":141,"y":57,"width":9,"height":17},"region_attributes":{"Digits":{"0":false,"2":true}}},{"shape_attributes":{"name":"rect","x":156,"y":58,"width":4,"height":14},"region_attributes":{"Digits":{"0":false,"1":true}}},{"shape_attributes":{"name":"rect","x":160,"y":58,"width":9,"height":16},"region_attributes":{"Digits":{"0":false,"6":true}}}],"file_attributes":{}},"25.jpeg11492":{"filename":"25.jpeg","size":11492,"regions":[{"shape_attributes":{"name":"rect","x":39,"y":48,"width":12,"height":16},"region_attributes":{"Digits":{"0":true}}},{"shape_attributes":{"name":"rect","x":52,"y":49,"width":12,"height":15},"region_attributes":{"Digits":{"0":true}}},{"shape_attributes":{"name":"rect","x":67,"y":49,"width":12,"height":16},"region_attributes":{"Digits":{"0":true}}},{"shape_attributes":{"name":"rect","x":81,"y":50,"width":11,"height":16},"region_attributes":{"Digits":{"0":true}}},{"shape_attributes":{"name":"rect","x":96,"y":50,"width":10,"height":15},"region_attributes":{"Digits":{"0":true}}}],"file_attributes":{}},"26.jpeg7344":{"filename":"26.jpeg","size":7344,"regions":[{"shape_attributes":{"name":"rect","x":92,"y":50,"width":8,"height":10},"region_attributes":{"Digits":{"0":true}}},{"shape_attributes":{"name":"rect","x":102,"y":50,"width":9,"height":11},"region_attributes":{"Digits":{"0":true}}},{"shape_attributes":{"name":"rect","x":113,"y":49,"width":9,"height":11},"region_attributes":{"Digits":{"0":true}}},{"shape_attributes":{"name":"rect","x":125,"y":50,"width":9,"height":11},"region_attributes":{"Digits":{"0":false,"2":true}}},{"shape_attributes":{"name":"rect","x":136,"y":50,"width":8,"height":11},"region_attributes":{"Digits":{"0":false,"2":true}}},{"shape_attributes":{"name":"rect","x":146,"y":50,"width":7,"height":11},"region_attributes":{"Digits":{"0":false,"3":true}}}],"file_attributes":{}},"27.jpeg8207":{"filename":"27.jpeg","size":8207,"regions":[{"shape_attributes":{"name":"rect","x":81,"y":63,"width":8,"height":13},"region_attributes":{"Digits":{"0":true}}},{"shape_attributes":{"name":"rect","x":90,"y":64,"width":8,"height":13},"region_attributes":{"Digits":{"0":true}}},{"shape_attributes":{"name":"rect","x":98,"y":63,"width":8,"height":14},"region_attributes":{"Digits":{"0":true}}},{"shape_attributes":{"name":"rect","x":107,"y":63,"width":8,"height":14},"region_attributes":{"Digits":{"0":false,"2":true}}},{"shape_attributes":{"name":"rect","x":117,"y":63,"width":7,"height":14},"region_attributes":{"Digits":{"0":false,"7":true}}},{"shape_attributes":{"name":"rect","x":126,"y":63,"width":7,"height":14},"region_attributes":{"Digits":{"0":false,"7":true}}},{"shape_attributes":{"name":"rect","x":135,"y":64,"width":7,"height":15},"region_attributes":{"Digits":{"0":false,"5":true}}},{"shape_attributes":{"name":"rect","x":143,"y":64,"width":8,"height":14},"region_attributes":{"Digits":{"0":true}}}],"file_attributes":{}},"28.jpeg7978":{"filename":"28.jpeg","size":7978,"regions":[{"shape_attributes":{"name":"rect","x":72,"y":63,"width":5,"height":10},"region_attributes":{"Digits":{"0":true}}},{"shape_attributes":{"name":"rect","x":78,"y":63,"width":4,"height":10},"region_attributes":{"Digits":{"0":false,"5":true}}},{"shape_attributes":{"name":"rect","x":83,"y":64,"width":4,"height":9},"region_attributes":{"Digits":{"0":false,"6":true}}},{"shape_attributes":{"name":"rect","x":89,"y":64,"width":4,"height":8},"region_attributes":{"Digits":{"0":true}}},{"shape_attributes":{"name":"rect","x":101,"y":64,"width":2,"height":8},"region_attributes":{"Digits":{"0":false,"1":true}}},{"shape_attributes":{"name":"rect","x":105,"y":64,"width":5,"height":7},"region_attributes":{"Digits":{"0":true}}},{"shape_attributes":{"name":"rect","x":111,"y":63,"width":4,"height":8},"region_attributes":{"Digits":{"0":false,"5":true}}}],"file_attributes":{}},"29.jpeg7104":{"filename":"29.jpeg","size":7104,"regions":[{"shape_attributes":{"name":"rect","x":66,"y":143,"width":9,"height":15},"region_attributes":{"Digits":{"0":false,"7":true}}},{"shape_attributes":{"name":"rect","x":76,"y":143,"width":10,"height":15},"region_attributes":{"Digits":{"0":false,"5":true}}},{"shape_attributes":{"name":"rect","x":85,"y":143,"width":9,"height":15},"region_attributes":{"Digits":{"0":false,"6":true}}},{"shape_attributes":{"name":"rect","x":96,"y":143,"width":9,"height":14},"region_attributes":{"Digits":{"0":false,"9":true}}}],"file_attributes":{}},"30.jpeg8881":{"filename":"30.jpeg","size":8881,"regions":[{"shape_attributes":{"name":"rect","x":86,"y":18,"width":9,"height":21},"region_attributes":{"Digits":{"0":true}}},{"shape_attributes":{"name":"rect","x":96,"y":18,"width":9,"height":21},"region_attributes":{"Digits":{"0":true}}},{"shape_attributes":{"name":"rect","x":107,"y":18,"width":10,"height":21},"region_attributes":{"Digits":{"0":false,"4":true}}},{"shape_attributes":{"name":"rect","x":118,"y":18,"width":9,"height":23},"region_attributes":{"Digits":{"0":false,"9":true}}},{"shape_attributes":{"name":"rect","x":128,"y":19,"width":10,"height":22},"region_attributes":{"Digits":{"0":true}}},{"shape_attributes":{"name":"rect","x":140,"y":19,"width":8,"height":21},"region_attributes":{"Digits":{"0":false,"7":true}}}],"file_attributes":{}},"31.jpeg6264":{"filename":"31.jpeg","size":6264,"regions":[{"shape_attributes":{"name":"rect","x":129,"y":77,"width":7,"height":12},"region_attributes":{"Digits":{"0":true}}},{"shape_attributes":{"name":"rect","x":138,"y":77,"width":7,"height":13},"region_attributes":{"Digits":{"0":true}}},{"shape_attributes":{"name":"rect","x":146,"y":77,"width":7,"height":14},"region_attributes":{"Digits":{"0":false,"6":true}}},{"shape_attributes":{"name":"rect","x":153,"y":78,"width":7,"height":14},"region_attributes":{"Digits":{"0":false,"6":true}}},{"shape_attributes":{"name":"rect","x":160,"y":79,"width":7,"height":15},"region_attributes":{"Digits":{"0":false,"6":true}}},{"shape_attributes":{"name":"rect","x":168,"y":79,"width":7,"height":16},"region_attributes":{"Digits":{"0":false,"9":true}}}],"file_attributes":{}},"32.jpeg9618":{"filename":"32.jpeg","size":9618,"regions":[{"shape_attributes":{"name":"rect","x":153,"y":47,"width":7,"height":11},"region_attributes":{"Digits":{"0":true}}},{"shape_attributes":{"name":"rect","x":163,"y":47,"width":3,"height":10},"region_attributes":{"Digits":{"0":false,"1":true}}}],"file_attributes":{}},"33.jpeg6013":{"filename":"33.jpeg","size":6013,"regions":[{"shape_attributes":{"name":"rect","x":145,"y":47,"width":9,"height":22},"region_attributes":{"Digits":{"0":true}}},{"shape_attributes":{"name":"rect","x":154,"y":49,"width":9,"height":21},"region_attributes":{"Digits":{"0":true}}},{"shape_attributes":{"name":"rect","x":163,"y":50,"width":8,"height":20},"region_attributes":{"Digits":{"0":true}}},{"shape_attributes":{"name":"rect","x":171,"y":50,"width":9,"height":20},"region_attributes":{"Digits":{"0":true}}},{"shape_attributes":{"name":"rect","x":180,"y":50,"width":8,"height":22},"region_attributes":{"Digits":{"0":false,"4":true}}},{"shape_attributes":{"name":"rect","x":188,"y":50,"width":9,"height":22},"region_attributes":{"Digits":{"0":true}}},{"shape_attributes":{"name":"rect","x":204,"y":51,"width":10,"height":21},"region_attributes":{"Digits":{"0":false,"5":true}}},{"shape_attributes":{"name":"rect","x":214,"y":53,"width":10,"height":20},"region_attributes":{"Digits":{"0":false,"7":true}}}],"file_attributes":{}},"34.jpeg7329":{"filename":"34.jpeg","size":7329,"regions":[{"shape_attributes":{"name":"rect","x":64,"y":75,"width":10,"height":13},"region_attributes":{"Digits":{"0":true}}},{"shape_attributes":{"name":"rect","x":74,"y":76,"width":7,"height":12},"region_attributes":{"Digits":{"0":true}}},{"shape_attributes":{"name":"rect","x":83,"y":75,"width":8,"height":12},"region_attributes":{"Digits":{"0":true}}},{"shape_attributes":{"name":"rect","x":92,"y":74,"width":8,"height":12},"region_attributes":{"Digits":{"0":false,"2":true}}},{"shape_attributes":{"name":"rect","x":101,"y":74,"width":8,"height":12},"region_attributes":{"Digits":{"0":true}}}],"file_attributes":{}},"35.jpeg7682":{"filename":"35.jpeg","size":7682,"regions":[{"shape_attributes":{"name":"rect","x":110,"y":56,"width":11,"height":20},"region_attributes":{"Digits":{"0":true}}},{"shape_attributes":{"name":"rect","x":122,"y":56,"width":11,"height":18},"region_attributes":{"Digits":{"0":true}}},{"shape_attributes":{"name":"rect","x":134,"y":56,"width":12,"height":20},"region_attributes":{"Digits":{"0":false,"5":true}}},{"shape_attributes":{"name":"rect","x":147,"y":56,"width":14,"height":19},"region_attributes":{"Digits":{"0":false,"2":true}}},{"shape_attributes":{"name":"rect","x":167,"y":55,"width":5,"height":20},"region_attributes":{"Digits":{"0":false,"1":true}}},{"shape_attributes":{"name":"rect","x":179,"y":55,"width":5,"height":20},"region_attributes":{"Digits":{"0":false,"1":true}}}],"file_attributes":{}},"36.jpeg7411":{"filename":"36.jpeg","size":7411,"regions":[{"shape_attributes":{"name":"rect","x":36,"y":19,"width":3,"height":14},"region_attributes":{"Digits":{"0":false,"1":true}}},{"shape_attributes":{"name":"rect","x":39,"y":19,"width":9,"height":15},"region_attributes":{"Digits":{"0":false,"6":true}}},{"shape_attributes":{"name":"rect","x":49,"y":18,"width":9,"height":16},"region_attributes":{"Digits":{"0":false,"5":true}}},{"shape_attributes":{"name":"rect","x":59,"y":18,"width":9,"height":15},"region_attributes":{"Digits":{"0":false,"8":true}}},{"shape_attributes":{"name":"rect","x":69,"y":17,"width":10,"height":16},"region_attributes":{"Digits":{"0":true}}},{"shape_attributes":{"name":"rect","x":79,"y":18,"width":9,"height":14},"region_attributes":{"Digits":{"0":false,"4":true}}}],"file_attributes":{}},"37.jpeg11098":{"filename":"37.jpeg","size":11098,"regions":[{"shape_attributes":{"name":"rect","x":47,"y":54,"width":23,"height":34},"region_attributes":{"Digits":{"0":true}}},{"shape_attributes":{"name":"rect","x":72,"y":55,"width":23,"height":32},"region_attributes":{"Digits":{"0":false,"4":true}}},{"shape_attributes":{"name":"rect","x":98,"y":54,"width":22,"height":35},"region_attributes":{"Digits":{"0":false,"5":true}}},{"shape_attributes":{"name":"rect","x":123,"y":54,"width":22,"height":34},"region_attributes":{"Digits":{"0":false,"5":true}}},{"shape_attributes":{"name":"rect","x":149,"y":53,"width":22,"height":35},"region_attributes":{"Digits":{"0":false,"6":true}}},{"shape_attributes":{"name":"rect","x":174,"y":54,"width":22,"height":35},"region_attributes":{"Digits":{"0":false,"6":true}}},{"shape_attributes":{"name":"rect","x":208,"y":54,"width":22,"height":34},"region_attributes":{"Digits":{"0":false,"9":true}}}],"file_attributes":{}},"38.jpeg7997":{"filename":"38.jpeg","size":7997,"regions":[{"shape_attributes":{"name":"rect","x":80,"y":102,"width":11,"height":23},"region_attributes":{"Digits":{"0":true}}},{"shape_attributes":{"name":"rect","x":93,"y":102,"width":12,"height":22},"region_attributes":{"Digits":{"0":true}}},{"shape_attributes":{"name":"rect","x":109,"y":103,"width":12,"height":19},"region_attributes":{"Digits":{"0":false,"4":true}}},{"shape_attributes":{"name":"rect","x":123,"y":103,"width":11,"height":21},"region_attributes":{"Digits":{"0":true}}},{"shape_attributes":{"name":"rect","x":137,"y":102,"width":12,"height":22},"region_attributes":{"Digits":{"0":false,"8":true}}}],"file_attributes":{}},"39.jpeg4668":{"filename":"39.jpeg","size":4668,"regions":[{"shape_attributes":{"name":"rect","x":65,"y":75,"width":6,"height":24},"region_attributes":{"Digits":{"0":false,"1":true}}},{"shape_attributes":{"name":"rect","x":74,"y":75,"width":13,"height":25},"region_attributes":{"Digits":{"0":false,"6":true}}},{"shape_attributes":{"name":"rect","x":91,"y":75,"width":15,"height":26},"region_attributes":{"Digits":{"0":false,"9":true}}},{"shape_attributes":{"name":"rect","x":111,"y":75,"width":13,"height":27},"region_attributes":{"Digits":{"0":false,"3":true}}},{"shape_attributes":{"name":"rect","x":127,"y":76,"width":13,"height":27},"region_attributes":{"Digits":{"0":false,"2":true}}},{"shape_attributes":{"name":"rect","x":145,"y":77,"width":13,"height":23},"region_attributes":{"Digits":{"0":false,"4":true}}},{"shape_attributes":{"name":"rect","x":162,"y":77,"width":13,"height":26},"region_attributes":{"Digits":{"0":false,"5":true}}}],"file_attributes":{}},"40.jpeg4034":{"filename":"40.jpeg","size":4034,"regions":[{"shape_attributes":{"name":"rect","x":183,"y":49,"width":5,"height":20},"region_attributes":{"Digits":{"0":false,"1":true}}},{"shape_attributes":{"name":"rect","x":191,"y":49,"width":11,"height":20},"region_attributes":{"Digits":{"0":false,"7":true}}},{"shape_attributes":{"name":"rect","x":211,"y":49,"width":5,"height":19},"region_attributes":{"Digits":{"0":false,"1":true}}},{"shape_attributes":{"name":"rect","x":220,"y":49,"width":10,"height":19},"region_attributes":{"Digits":{"0":false,"3":true}}},{"shape_attributes":{"name":"rect","x":241,"y":50,"width":5,"height":18},"region_attributes":{"Digits":{"0":false,"1":true}}},{"shape_attributes":{"name":"rect","x":249,"y":49,"width":11,"height":20},"region_attributes":{"Digits":{"0":true}}}],"file_attributes":{}},"41.jpeg6192":{"filename":"41.jpeg","size":6192,"regions":[{"shape_attributes":{"name":"rect","x":111,"y":47,"width":9,"height":18},"region_attributes":{"Digits":{"0":true}}},{"shape_attributes":{"name":"rect","x":121,"y":47,"width":11,"height":18},"region_attributes":{"Digits":{"0":false,"9":true}}},{"shape_attributes":{"name":"rect","x":133,"y":48,"width":8,"height":17},"region_attributes":{"Digits":{"0":false,"5":true}}},{"shape_attributes":{"name":"rect","x":143,"y":48,"width":9,"height":17},"region_attributes":{"Digits":{"0":false,"3":true}}},{"shape_attributes":{"name":"rect","x":153,"y":48,"width":9,"height":16},"region_attributes":{"Digits":{"0":false,"7":true}}}],"file_attributes":{}},"42.jpeg6487":{"filename":"42.jpeg","size":6487,"regions":[{"shape_attributes":{"name":"rect","x":112,"y":72,"width":7,"height":17},"region_attributes":{"Digits":{"0":false}}},{"shape_attributes":{"name":"rect","x":120,"y":72,"width":7,"height":20},"region_attributes":{"Digits":{"0":false,"8":true}}},{"shape_attributes":{"name":"rect","x":128,"y":73,"width":7,"height":20},"region_attributes":{"Digits":{"0":false,"5":true}}},{"shape_attributes":{"name":"rect","x":136,"y":73,"width":7,"height":20},"region_attributes":{"Digits":{"0":true}}},{"shape_attributes":{"name":"rect","x":144,"y":73,"width":7,"height":20},"region_attributes":{"Digits":{"0":false,"8":true}}}],"file_attributes":{}},"43.jpeg7326":{"filename":"43.jpeg","size":7326,"regions":[{"shape_attributes":{"name":"rect","x":47,"y":104,"width":8,"height":12},"region_attributes":{"Digits":{"0":false,"8":true}}},{"shape_attributes":{"name":"rect","x":57,"y":104,"width":7,"height":14},"region_attributes":{"Digits":{"0":false,"3":true}}},{"shape_attributes":{"name":"rect","x":65,"y":103,"width":7,"height":14},"region_attributes":{"Digits":{"0":false,"5":true}}},{"shape_attributes":{"name":"rect","x":73,"y":103,"width":7,"height":14},"region_attributes":{"Digits":{"0":false,"3":true}}},{"shape_attributes":{"name":"rect","x":81,"y":104,"width":8,"height":13},"region_attributes":{"Digits":{"0":false,"2":true}}},{"shape_attributes":{"name":"rect","x":90,"y":104,"width":6,"height":12},"region_attributes":{"Digits":{"0":false,"9":true}}}],"file_attributes":{}},"44.jpeg6493":{"filename":"44.jpeg","size":6493,"regions":[{"shape_attributes":{"name":"rect","x":130,"y":45,"width":3,"height":13},"region_attributes":{"Digits":{"0":false,"1":true}}},{"shape_attributes":{"name":"rect","x":134,"y":44,"width":8,"height":15},"region_attributes":{"Digits":{"0":false,"2":true}}},{"shape_attributes":{"name":"rect","x":143,"y":44,"width":7,"height":15},"region_attributes":{"Digits":{"0":false,"3":true}}},{"shape_attributes":{"name":"rect","x":151,"y":44,"width":7,"height":14},"region_attributes":{"Digits":{"0":false,"4":true}}},{"shape_attributes":{"name":"rect","x":159,"y":43,"width":8,"height":15},"region_attributes":{"Digits":{"0":false,"5":true}}},{"shape_attributes":{"name":"rect","x":169,"y":43,"width":7,"height":15},"region_attributes":{"Digits":{"0":false,"6":true}}}],"file_attributes":{}},"45.jpeg7542":{"filename":"45.jpeg","size":7542,"regions":[{"shape_attributes":{"name":"rect","x":122,"y":53,"width":12,"height":21},"region_attributes":{"Digits":{"0":true}}},{"shape_attributes":{"name":"rect","x":145,"y":52,"width":5,"height":21},"region_attributes":{"Digits":{"0":false,"1":true}}},{"shape_attributes":{"name":"rect","x":153,"y":53,"width":11,"height":21},"region_attributes":{"Digits":{"0":false,"3":true}}},{"shape_attributes":{"name":"rect","x":168,"y":53,"width":12,"height":19},"region_attributes":{"Digits":{"0":false,"4":true}}},{"shape_attributes":{"name":"rect","x":183,"y":53,"width":11,"height":21},"region_attributes":{"Digits":{"0":false,"3":true}}},{"shape_attributes":{"name":"rect","x":200,"y":52,"width":10,"height":19},"region_attributes":{"Digits":{"0":false,"7":true}}},{"shape_attributes":{"name":"rect","x":211,"y":52,"width":13,"height":21},"region_attributes":{"Digits":{"0":false,"6":true}}}],"file_attributes":{}},"46.jpeg6552":{"filename":"46.jpeg","size":6552,"regions":[{"shape_attributes":{"name":"rect","x":145,"y":71,"width":9,"height":17},"region_attributes":{"Digits":{"0":true}}},{"shape_attributes":{"name":"rect","x":153,"y":71,"width":9,"height":16},"region_attributes":{"Digits":{"0":false,"2":true}}},{"shape_attributes":{"name":"rect","x":165,"y":72,"width":8,"height":15},"region_attributes":{"Digits":{"0":true}}},{"shape_attributes":{"name":"rect","x":174,"y":71,"width":10,"height":15},"region_attributes":{"Digits":{"0":false,"7":true}}},{"shape_attributes":{"name":"rect","x":188,"y":70,"width":4,"height":14},"region_attributes":{"Digits":{"0":false,"1":true}}},{"shape_attributes":{"name":"rect","x":192,"y":71,"width":9,"height":13},"region_attributes":{"Digits":{"0":false,"6":true}}}],"file_attributes":{}},"47.jpeg6577":{"filename":"47.jpeg","size":6577,"regions":[{"shape_attributes":{"name":"rect","x":77,"y":57,"width":10,"height":18},"region_attributes":{"Digits":{"0":true}}},{"shape_attributes":{"name":"rect","x":87,"y":58,"width":9,"height":16},"region_attributes":{"Digits":{"0":true}}},{"shape_attributes":{"name":"rect","x":96,"y":58,"width":9,"height":18},"region_attributes":{"Digits":{"0":true}}},{"shape_attributes":{"name":"rect","x":107,"y":59,"width":11,"height":18},"region_attributes":{"Digits":{"0":false,"3":true}}},{"shape_attributes":{"name":"rect","x":118,"y":59,"width":9,"height":17},"region_attributes":{"Digits":{"0":false,"8":true}}},{"shape_attributes":{"name":"rect","x":133,"y":60,"width":5,"height":17},"region_attributes":{"Digits":{"0":false,"1":true}}},{"shape_attributes":{"name":"rect","x":144,"y":62,"width":4,"height":14},"region_attributes":{"Digits":{"0":false,"1":true}}}],"file_attributes":{}},"48.jpeg8210":{"filename":"48.jpeg","size":8210,"regions":[{"shape_attributes":{"name":"rect","x":127,"y":49,"width":9,"height":16},"region_attributes":{"Digits":{"0":false,"7":true}}},{"shape_attributes":{"name":"rect","x":137,"y":49,"width":9,"height":16},"region_attributes":{"Digits":{"0":true}}},{"shape_attributes":{"name":"rect","x":148,"y":49,"width":9,"height":16},"region_attributes":{"Digits":{"0":false,"5":true}}}],"file_attributes":{}},"49.jpeg9842":{"filename":"49.jpeg","size":9842,"regions":[{"shape_attributes":{"name":"rect","x":46,"y":96,"width":3,"height":12},"region_attributes":{"Digits":{"0":false,"1":true}}},{"shape_attributes":{"name":"rect","x":49,"y":96,"width":8,"height":13},"region_attributes":{"Digits":{"0":true}}},{"shape_attributes":{"name":"rect","x":57,"y":96,"width":8,"height":13},"region_attributes":{"Digits":{"0":true}}},{"shape_attributes":{"name":"rect","x":71,"y":96,"width":3,"height":12},"region_attributes":{"Digits":{"0":false,"1":true}}},{"shape_attributes":{"name":"rect","x":74,"y":96,"width":8,"height":14},"region_attributes":{"Digits":{"0":false,"9":true}}},{"shape_attributes":{"name":"rect","x":87,"y":95,"width":3,"height":13},"region_attributes":{"Digits":{"0":false,"1":true}}},{"shape_attributes":{"name":"rect","x":41,"y":110,"width":8,"height":14},"region_attributes":{"Digits":{"0":false,"2":true}}},{"shape_attributes":{"name":"rect","x":49,"y":110,"width":8,"height":13},"region_attributes":{"Digits":{"0":true}}},{"shape_attributes":{"name":"rect","x":58,"y":110,"width":8,"height":13},"region_attributes":{"Digits":{"0":true}}},{"shape_attributes":{"name":"rect","x":67,"y":110,"width":7,"height":14},"region_attributes":{"Digits":{"0":false,"7":true}}},{"shape_attributes":{"name":"rect","x":78,"y":111,"width":4,"height":13},"region_attributes":{"Digits":{"0":false,"1":true}}},{"shape_attributes":{"name":"rect","x":87,"y":110,"width":4,"height":14},"region_attributes":{"Digits":{"0":false,"1":true}}}],"file_attributes":{}},"50.jpeg5952":{"filename":"50.jpeg","size":5952,"regions":[{"shape_attributes":{"name":"rect","x":110,"y":52,"width":4,"height":16},"region_attributes":{"Digits":{"0":false,"1":true}}},{"shape_attributes":{"name":"rect","x":114,"y":52,"width":7,"height":17},"region_attributes":{"Digits":{"0":true}}},{"shape_attributes":{"name":"rect","x":121,"y":52,"width":7,"height":18},"region_attributes":{"Digits":{"0":false,"3":true}}},{"shape_attributes":{"name":"rect","x":127,"y":51,"width":6,"height":19},"region_attributes":{"Digits":{"0":false,"2":true}}},{"shape_attributes":{"name":"rect","x":132,"y":52,"width":7,"height":19},"region_attributes":{"Digits":{"0":false,"7":true}}},{"shape_attributes":{"name":"rect","x":145,"y":52,"width":6,"height":19},"region_attributes":{"Digits":{"0":false,"7":true}}}],"file_attributes":{}}},"_via_attributes":{"region":{"Digits":{"type":"checkbox","description":"Digits","options":{"0":"0","1":"1","2":"2","3":"3","4":"4","5":"5","6":"6","7":"7","8":"8","9":"9"},"default_options":{"0":false}}},"file":{}}}